--
-- PostgreSQL database dump
--

-- Dumped from database version 12.8
-- Dumped by pg_dump version 12.8

SET statement_timeout = 0;
SET lock_timeout = 0;
SET idle_in_transaction_session_timeout = 0;
SET client_encoding = 'UTF8';
SET standard_conforming_strings = on;
SELECT pg_catalog.set_config('search_path', '', false);
SET check_function_bodies = false;
SET xmloption = content;
SET client_min_messages = warning;
SET row_security = off;

SET default_tablespace = '';

SET default_table_access_method = heap;

--
-- Name: categoria; Type: TABLE; Schema: public; Owner: postgres
--

CREATE TABLE public.categoria (
    id integer NOT NULL,
    nome character varying(255)
);


ALTER TABLE public.categoria OWNER TO postgres;

--
-- Name: categoria_id_seq; Type: SEQUENCE; Schema: public; Owner: postgres
--

ALTER TABLE public.categoria ALTER COLUMN id ADD GENERATED BY DEFAULT AS IDENTITY (
    SEQUENCE NAME public.categoria_id_seq
    START WITH 1
    INCREMENT BY 1
    NO MINVALUE
    NO MAXVALUE
    CACHE 1
);


--
-- Name: cidade; Type: TABLE; Schema: public; Owner: postgres
--

CREATE TABLE public.cidade (
    id integer NOT NULL,
    nome character varying(255),
    estado_id integer
);


ALTER TABLE public.cidade OWNER TO postgres;

--
-- Name: cidade_id_seq; Type: SEQUENCE; Schema: public; Owner: postgres
--

ALTER TABLE public.cidade ALTER COLUMN id ADD GENERATED BY DEFAULT AS IDENTITY (
    SEQUENCE NAME public.cidade_id_seq
    START WITH 1
    INCREMENT BY 1
    NO MINVALUE
    NO MAXVALUE
    CACHE 1
);


--
-- Name: cliente; Type: TABLE; Schema: public; Owner: postgres
--

CREATE TABLE public.cliente (
    id integer NOT NULL,
    cpf_ou_cnpj character varying(255),
    email character varying(255),
    nome character varying(255),
    tipo integer
);


ALTER TABLE public.cliente OWNER TO postgres;

--
-- Name: cliente_id_seq; Type: SEQUENCE; Schema: public; Owner: postgres
--

ALTER TABLE public.cliente ALTER COLUMN id ADD GENERATED BY DEFAULT AS IDENTITY (
    SEQUENCE NAME public.cliente_id_seq
    START WITH 1
    INCREMENT BY 1
    NO MINVALUE
    NO MAXVALUE
    CACHE 1
);


--
-- Name: endereco; Type: TABLE; Schema: public; Owner: postgres
--

CREATE TABLE public.endereco (
    id integer NOT NULL,
    bairro character varying(255),
    cep character varying(255),
    complemento character varying(255),
    logradouro character varying(255),
    numero character varying(255),
    cidade_id integer,
    cliente_id integer
);


ALTER TABLE public.endereco OWNER TO postgres;

--
-- Name: endereco_id_seq; Type: SEQUENCE; Schema: public; Owner: postgres
--

ALTER TABLE public.endereco ALTER COLUMN id ADD GENERATED BY DEFAULT AS IDENTITY (
    SEQUENCE NAME public.endereco_id_seq
    START WITH 1
    INCREMENT BY 1
    NO MINVALUE
    NO MAXVALUE
    CACHE 1
);


--
-- Name: estado; Type: TABLE; Schema: public; Owner: postgres
--

CREATE TABLE public.estado (
    id integer NOT NULL,
    nome character varying(255)
);


ALTER TABLE public.estado OWNER TO postgres;

--
-- Name: estado_id_seq; Type: SEQUENCE; Schema: public; Owner: postgres
--

ALTER TABLE public.estado ALTER COLUMN id ADD GENERATED BY DEFAULT AS IDENTITY (
    SEQUENCE NAME public.estado_id_seq
    START WITH 1
    INCREMENT BY 1
    NO MINVALUE
    NO MAXVALUE
    CACHE 1
);


--
-- Name: item_pedido; Type: TABLE; Schema: public; Owner: postgres
--

CREATE TABLE public.item_pedido (
    desconto double precision,
    preco double precision,
    quantidade integer,
    pedido_id integer NOT NULL,
    produto_id integer NOT NULL
);


ALTER TABLE public.item_pedido OWNER TO postgres;

--
-- Name: pagamento; Type: TABLE; Schema: public; Owner: postgres
--

CREATE TABLE public.pagamento (
    pedido_id integer NOT NULL,
    estado integer
);


ALTER TABLE public.pagamento OWNER TO postgres;

--
-- Name: pagamento_com_boleto; Type: TABLE; Schema: public; Owner: postgres
--

CREATE TABLE public.pagamento_com_boleto (
    data_pagamento timestamp without time zone,
    data_vencimento timestamp without time zone,
    pedido_id integer NOT NULL
);


ALTER TABLE public.pagamento_com_boleto OWNER TO postgres;

--
-- Name: pagamento_com_cartao; Type: TABLE; Schema: public; Owner: postgres
--

CREATE TABLE public.pagamento_com_cartao (
    numero_de_parcelas integer,
    pedido_id integer NOT NULL
);


ALTER TABLE public.pagamento_com_cartao OWNER TO postgres;

--
-- Name: pedido; Type: TABLE; Schema: public; Owner: postgres
--

CREATE TABLE public.pedido (
    id integer NOT NULL,
    instante timestamp without time zone,
    cliente_id integer,
    endereco_de_entrega_id integer
);


ALTER TABLE public.pedido OWNER TO postgres;

--
-- Name: pedido_id_seq; Type: SEQUENCE; Schema: public; Owner: postgres
--

ALTER TABLE public.pedido ALTER COLUMN id ADD GENERATED BY DEFAULT AS IDENTITY (
    SEQUENCE NAME public.pedido_id_seq
    START WITH 1
    INCREMENT BY 1
    NO MINVALUE
    NO MAXVALUE
    CACHE 1
);


--
-- Name: produto; Type: TABLE; Schema: public; Owner: postgres
--

CREATE TABLE public.produto (
    id integer NOT NULL,
    nome character varying(255),
    preco double precision
);


ALTER TABLE public.produto OWNER TO postgres;

--
-- Name: produto_categoria; Type: TABLE; Schema: public; Owner: postgres
--

CREATE TABLE public.produto_categoria (
    produto_id integer NOT NULL,
    categoria_id integer NOT NULL
);


ALTER TABLE public.produto_categoria OWNER TO postgres;

--
-- Name: produto_id_seq; Type: SEQUENCE; Schema: public; Owner: postgres
--

ALTER TABLE public.produto ALTER COLUMN id ADD GENERATED BY DEFAULT AS IDENTITY (
    SEQUENCE NAME public.produto_id_seq
    START WITH 1
    INCREMENT BY 1
    NO MINVALUE
    NO MAXVALUE
    CACHE 1
);


--
-- Name: telefone; Type: TABLE; Schema: public; Owner: postgres
--

CREATE TABLE public.telefone (
    cliente_id integer NOT NULL,
    telefones character varying(255)
);


ALTER TABLE public.telefone OWNER TO postgres;

--
-- Data for Name: categoria; Type: TABLE DATA; Schema: public; Owner: postgres
--

COPY public.categoria (id, nome) FROM stdin;
1	Informática
2	Escritório
3	Cama mesa e banho
4	Eletronicos
5	Jardinagem
6	Decoracao
7	Perfumaria
\.


--
-- Data for Name: cidade; Type: TABLE DATA; Schema: public; Owner: postgres
--

COPY public.cidade (id, nome, estado_id) FROM stdin;
1	Uberlândia	1
2	São Paulo	2
3	Campinas	2
\.


--
-- Data for Name: cliente; Type: TABLE DATA; Schema: public; Owner: postgres
--

COPY public.cliente (id, cpf_ou_cnpj, email, nome, tipo) FROM stdin;
1	36378912377	maria@gmail.com	Maria Silva	1
\.


--
-- Data for Name: endereco; Type: TABLE DATA; Schema: public; Owner: postgres
--

COPY public.endereco (id, bairro, cep, complemento, logradouro, numero, cidade_id, cliente_id) FROM stdin;
1	Jardim	38220834	Apto 303	Rua Flores	300	1	1
2	Centro	38777012	Sala 800	Avenida Matos	105	2	1
\.


--
-- Data for Name: estado; Type: TABLE DATA; Schema: public; Owner: postgres
--

COPY public.estado (id, nome) FROM stdin;
1	Minas Gerais
2	São Paulo
\.


--
-- Data for Name: item_pedido; Type: TABLE DATA; Schema: public; Owner: postgres
--

COPY public.item_pedido (desconto, preco, quantidade, pedido_id, produto_id) FROM stdin;
0	2000	1	1	1
0	80	2	1	3
100	800	1	2	2
\.


--
-- Data for Name: pagamento; Type: TABLE DATA; Schema: public; Owner: postgres
--

COPY public.pagamento (pedido_id, estado) FROM stdin;
1	2
2	1
\.


--
-- Data for Name: pagamento_com_boleto; Type: TABLE DATA; Schema: public; Owner: postgres
--

COPY public.pagamento_com_boleto (data_pagamento, data_vencimento, pedido_id) FROM stdin;
\N	2017-10-20 00:00:00	2
\.


--
-- Data for Name: pagamento_com_cartao; Type: TABLE DATA; Schema: public; Owner: postgres
--

COPY public.pagamento_com_cartao (numero_de_parcelas, pedido_id) FROM stdin;
6	1
\.


--
-- Data for Name: pedido; Type: TABLE DATA; Schema: public; Owner: postgres
--

COPY public.pedido (id, instante, cliente_id, endereco_de_entrega_id) FROM stdin;
1	2017-09-30 10:32:00	1	1
2	2017-10-10 19:35:00	1	2
\.


--
-- Data for Name: produto; Type: TABLE DATA; Schema: public; Owner: postgres
--

COPY public.produto (id, nome, preco) FROM stdin;
1	Computador	2000
2	Impressora	800
3	Mouse	80
4	Mesa de escritorio	300
5	Toalha	50
6	Colcha	200
7	Tv true color	1200
8	Roçadeira	800
9	Abajour	100
10	Pendente	180
11	Shampoo	90
\.


--
-- Data for Name: produto_categoria; Type: TABLE DATA; Schema: public; Owner: postgres
--

COPY public.produto_categoria (produto_id, categoria_id) FROM stdin;
1	1
1	4
2	1
2	2
3	1
3	4
4	2
5	3
6	3
7	4
8	5
9	6
10	6
11	7
\.


--
-- Data for Name: telefone; Type: TABLE DATA; Schema: public; Owner: postgres
--

COPY public.telefone (cliente_id, telefones) FROM stdin;
1	27363323
1	93838393
\.


--
-- Name: categoria_id_seq; Type: SEQUENCE SET; Schema: public; Owner: postgres
--

SELECT pg_catalog.setval('public.categoria_id_seq', 7, true);


--
-- Name: cidade_id_seq; Type: SEQUENCE SET; Schema: public; Owner: postgres
--

SELECT pg_catalog.setval('public.cidade_id_seq', 3, true);


--
-- Name: cliente_id_seq; Type: SEQUENCE SET; Schema: public; Owner: postgres
--

SELECT pg_catalog.setval('public.cliente_id_seq', 1, true);


--
-- Name: endereco_id_seq; Type: SEQUENCE SET; Schema: public; Owner: postgres
--

SELECT pg_catalog.setval('public.endereco_id_seq', 2, true);


--
-- Name: estado_id_seq; Type: SEQUENCE SET; Schema: public; Owner: postgres
--

SELECT pg_catalog.setval('public.estado_id_seq', 2, true);


--
-- Name: pedido_id_seq; Type: SEQUENCE SET; Schema: public; Owner: postgres
--

SELECT pg_catalog.setval('public.pedido_id_seq', 2, true);


--
-- Name: produto_id_seq; Type: SEQUENCE SET; Schema: public; Owner: postgres
--

SELECT pg_catalog.setval('public.produto_id_seq', 11, true);


--
-- Name: categoria categoria_pkey; Type: CONSTRAINT; Schema: public; Owner: postgres
--

ALTER TABLE ONLY public.categoria
    ADD CONSTRAINT categoria_pkey PRIMARY KEY (id);


--
-- Name: cidade cidade_pkey; Type: CONSTRAINT; Schema: public; Owner: postgres
--

ALTER TABLE ONLY public.cidade
    ADD CONSTRAINT cidade_pkey PRIMARY KEY (id);


--
-- Name: cliente cliente_pkey; Type: CONSTRAINT; Schema: public; Owner: postgres
--

ALTER TABLE ONLY public.cliente
    ADD CONSTRAINT cliente_pkey PRIMARY KEY (id);


--
-- Name: endereco endereco_pkey; Type: CONSTRAINT; Schema: public; Owner: postgres
--

ALTER TABLE ONLY public.endereco
    ADD CONSTRAINT endereco_pkey PRIMARY KEY (id);


--
-- Name: estado estado_pkey; Type: CONSTRAINT; Schema: public; Owner: postgres
--

ALTER TABLE ONLY public.estado
    ADD CONSTRAINT estado_pkey PRIMARY KEY (id);


--
-- Name: item_pedido item_pedido_pkey; Type: CONSTRAINT; Schema: public; Owner: postgres
--

ALTER TABLE ONLY public.item_pedido
    ADD CONSTRAINT item_pedido_pkey PRIMARY KEY (pedido_id, produto_id);


--
-- Name: pagamento_com_boleto pagamento_com_boleto_pkey; Type: CONSTRAINT; Schema: public; Owner: postgres
--

ALTER TABLE ONLY public.pagamento_com_boleto
    ADD CONSTRAINT pagamento_com_boleto_pkey PRIMARY KEY (pedido_id);


--
-- Name: pagamento_com_cartao pagamento_com_cartao_pkey; Type: CONSTRAINT; Schema: public; Owner: postgres
--

ALTER TABLE ONLY public.pagamento_com_cartao
    ADD CONSTRAINT pagamento_com_cartao_pkey PRIMARY KEY (pedido_id);


--
-- Name: pagamento pagamento_pkey; Type: CONSTRAINT; Schema: public; Owner: postgres
--

ALTER TABLE ONLY public.pagamento
    ADD CONSTRAINT pagamento_pkey PRIMARY KEY (pedido_id);


--
-- Name: pedido pedido_pkey; Type: CONSTRAINT; Schema: public; Owner: postgres
--

ALTER TABLE ONLY public.pedido
    ADD CONSTRAINT pedido_pkey PRIMARY KEY (id);


--
-- Name: produto produto_pkey; Type: CONSTRAINT; Schema: public; Owner: postgres
--

ALTER TABLE ONLY public.produto
    ADD CONSTRAINT produto_pkey PRIMARY KEY (id);


--
-- Name: cliente uk_cmxo70m08n43599l3h0h07cc6; Type: CONSTRAINT; Schema: public; Owner: postgres
--

ALTER TABLE ONLY public.cliente
    ADD CONSTRAINT uk_cmxo70m08n43599l3h0h07cc6 UNIQUE (email);


--
-- Name: produto_categoria fk1c0y58d3n6x3m6euv2j3h64vt; Type: FK CONSTRAINT; Schema: public; Owner: postgres
--

ALTER TABLE ONLY public.produto_categoria
    ADD CONSTRAINT fk1c0y58d3n6x3m6euv2j3h64vt FOREIGN KEY (produto_id) REFERENCES public.produto(id);


--
-- Name: pedido fk1fihyy2fnocpuwc74674qmfkv; Type: FK CONSTRAINT; Schema: public; Owner: postgres
--

ALTER TABLE ONLY public.pedido
    ADD CONSTRAINT fk1fihyy2fnocpuwc74674qmfkv FOREIGN KEY (endereco_de_entrega_id) REFERENCES public.endereco(id);


--
-- Name: pedido fk30s8j2ktpay6of18lbyqn3632; Type: FK CONSTRAINT; Schema: public; Owner: postgres
--

ALTER TABLE ONLY public.pedido
    ADD CONSTRAINT fk30s8j2ktpay6of18lbyqn3632 FOREIGN KEY (cliente_id) REFERENCES public.cliente(id);


--
-- Name: item_pedido fk60ym08cfoysa17wrn1swyiuda; Type: FK CONSTRAINT; Schema: public; Owner: postgres
--

ALTER TABLE ONLY public.item_pedido
    ADD CONSTRAINT fk60ym08cfoysa17wrn1swyiuda FOREIGN KEY (pedido_id) REFERENCES public.pedido(id);


--
-- Name: telefone fk8aafha0njkoyoe3kvrwsy3g8u; Type: FK CONSTRAINT; Schema: public; Owner: postgres
--

ALTER TABLE ONLY public.telefone
    ADD CONSTRAINT fk8aafha0njkoyoe3kvrwsy3g8u FOREIGN KEY (cliente_id) REFERENCES public.cliente(id);


--
-- Name: endereco fk8b1kcb3wucapb8dejshyn5fsx; Type: FK CONSTRAINT; Schema: public; Owner: postgres
--

ALTER TABLE ONLY public.endereco
    ADD CONSTRAINT fk8b1kcb3wucapb8dejshyn5fsx FOREIGN KEY (cidade_id) REFERENCES public.cidade(id);


--
-- Name: endereco fk8s7ivtl4foyhrfam9xqom73n9; Type: FK CONSTRAINT; Schema: public; Owner: postgres
--

ALTER TABLE ONLY public.endereco
    ADD CONSTRAINT fk8s7ivtl4foyhrfam9xqom73n9 FOREIGN KEY (cliente_id) REFERENCES public.cliente(id);


--
-- Name: pagamento_com_boleto fkcr74vrxf8nfph0knq2bho8doo; Type: FK CONSTRAINT; Schema: public; Owner: postgres
--

ALTER TABLE ONLY public.pagamento_com_boleto
    ADD CONSTRAINT fkcr74vrxf8nfph0knq2bho8doo FOREIGN KEY (pedido_id) REFERENCES public.pagamento(pedido_id);


--
-- Name: cidade fkkworrwk40xj58kevvh3evi500; Type: FK CONSTRAINT; Schema: public; Owner: postgres
--

ALTER TABLE ONLY public.cidade
    ADD CONSTRAINT fkkworrwk40xj58kevvh3evi500 FOREIGN KEY (estado_id) REFERENCES public.estado(id);


--
-- Name: produto_categoria fkq3g33tp7xk2juh53fbw6y4y57; Type: FK CONSTRAINT; Schema: public; Owner: postgres
--

ALTER TABLE ONLY public.produto_categoria
    ADD CONSTRAINT fkq3g33tp7xk2juh53fbw6y4y57 FOREIGN KEY (categoria_id) REFERENCES public.categoria(id);


--
-- Name: pagamento_com_cartao fkta3cdnuuxclwfh52t4qi432ow; Type: FK CONSTRAINT; Schema: public; Owner: postgres
--

ALTER TABLE ONLY public.pagamento_com_cartao
    ADD CONSTRAINT fkta3cdnuuxclwfh52t4qi432ow FOREIGN KEY (pedido_id) REFERENCES public.pagamento(pedido_id);


--
-- Name: pagamento fkthad9tkw4188hb3qo1lm5ueb0; Type: FK CONSTRAINT; Schema: public; Owner: postgres
--

ALTER TABLE ONLY public.pagamento
    ADD CONSTRAINT fkthad9tkw4188hb3qo1lm5ueb0 FOREIGN KEY (pedido_id) REFERENCES public.pedido(id);


--
-- Name: item_pedido fktk55mn6d6bvl5h0no5uagi3sf; Type: FK CONSTRAINT; Schema: public; Owner: postgres
--

ALTER TABLE ONLY public.item_pedido
    ADD CONSTRAINT fktk55mn6d6bvl5h0no5uagi3sf FOREIGN KEY (produto_id) REFERENCES public.produto(id);


--
-- PostgreSQL database dump complete
--

